1,1,1,0,0,1,0,0,0,0,0,1,1,
2,1,1,1,1,1,0,1,0,1,0,0,1,
3,0,0,1,0,0,1,1,0,1,0,1,0,
4,1,1,1,0,1,1,0,1,1,0,1,1,
5,1,0,1,0,0,1,1,1,1,1,1,0,
6,0,1,0,0,0,0,0,0,0,0,0,1,
7,0,1,0,0,0,1,1,0,1,1,0,0,
8,0,0,0,0,1,0,0,1,0,1,1,0,
9,0,0,1,1,1,1,1,0,0,0,1,0,
10,1,0,1,1,0,0,0,1,1,1,1,0,
11,0,0,1,0,1,1,1,0,1,0,0,0,
12,1,0,0,0,1,1,1,1,1,1,1,1,
13,1,1,1,0,1,0,0,0,0,0,1,0,
14,0,1,0,1,0,1,0,1,0,1,1,1,
15,0,0,1,0,0,0,0,1,0,1,0,0,
16,1,0,1,1,0,0,0,0,1,1,0,1,
17,0,1,1,1,0,1,1,0,1,0,1,1,
18,0,1,1,0,0,1,0,0,0,1,1,0,
19,1,1,1,1,1,1,0,1,0,0,0,0,
20,0,0,0,1,1,0,1,1,0,0,0,0,
21,0,1,0,1,0,1,1,0,0,1,0,0,
22,0,1,0,0,0,0,1,1,1,0,0,0,
23,1,0,0,1,1,1,1,0,0,1,1,0,
24,0,0,1,1,1,0,1,1,1,1,0,1,
25,0,1,0,0,1,1,0,0,1,0,1,1,
26,0,1,0,0,1,1,0,1,1,0,1,0,
27,0,1,1,1,1,0,1,1,1,1,0,1,
28,1,1,1,0,0,1,0,0,1,0,0,1,
29,0,1,0,1,1,1,1,1,0,0,0,1,
30,1,0,1,0,0,0,1,0,0,0,1,1,
31,1,0,1,0,0,1,0,1,1,0,0,0,
32,1,1,0,1,0,0,0,0,1,1,0,1,
33,0,1,1,0,0,0,0,0,0,1,1,0,
34,1,1,0,1,1,0,1,0,0,1,0,0,
35,1,1,0,1,1,1,1,0,1,0,1,1,
36,1,0,1,1,1,1,0,0,0,0,0,0,
37,1,0,1,0,0,0,1,1,1,0,0,1,
38,1,0,0,0,1,0,1,1,0,0,0,0,
39,1,0,0,1,1,0,0,0,1,0,0,1,
40,0,0,0,1,0,1,0,1,1,0,0,1,
41,0,0,1,1,1,0,1,1,1,0,1,0,
42,0,0,1,0,1,1,1,1,0,0,0,0,
43,0,0,1,1,1,1,1,0,0,0,0,1,
44,0,1,0,1,0,1,0,0,1,1,1,0,
45,0,1,1,0,1,0,1,0,1,1,1,0,
46,0,0,1,0,1,0,1,0,1,0,0,0,
47,1,1,0,0,0,1,0,1,1,1,1,1,
48,0,0,1,0,1,0,1,1,1,1,1,1,
49,1,0,0,1,1,0,0,0,0,0,1,1,
50,0,1,1,1,1,1,1,0,1,0,1,0,
51,0,1,1,1,1,1,1,0,0,0,1,1,
52,0,0,1,1,1,0,1,0,0,1,0,1,
53,0,0,1,0,1,1,1,1,0,0,1,1,
54,0,0,0,1,0,1,0,1,1,0,0,0,
55,1,0,0,1,1,1,0,0,1,0,1,1,
56,0,1,1,0,1,0,0,0,1,1,0,1,
57,0,1,1,1,1,0,0,1,1,0,1,1,
58,1,1,1,0,1,0,1,1,1,1,1,0,
59,0,1,0,1,0,0,1,0,1,0,0,0,
60,1,1,0,1,1,1,0,1,0,1,1,0,
61,0,0,1,1,1,0,0,0,0,1,1,1,
62,1,0,0,1,0,0,1,0,1,1,1,0,
63,0,0,1,0,1,1,1,0,1,0,1,0,
64,0,0,1,1,0,0,0,1,0,1,1,1,
65,1,1,0,1,1,1,0,1,1,0,1,1,
66,1,1,1,1,0,0,0,0,1,0,0,0,
67,0,0,1,1,0,0,0,1,0,1,1,0,
68,1,0,1,1,0,0,1,1,1,0,0,1,
69,0,0,1,1,1,1,1,0,0,1,0,0,
70,1,1,0,0,0,0,0,0,1,1,0,1,
71,0,0,1,1,1,0,0,1,0,0,0,0,
72,0,0,0,1,1,1,0,1,1,1,1,0,
73,0,0,0,0,1,1,0,0,0,0,1,0,
74,1,0,1,0,0,0,1,1,1,0,0,0,
75,0,0,0,1,1,0,1,0,1,1,0,1,
76,1,0,0,1,0,0,0,1,1,1,0,1,
77,0,1,1,1,1,1,0,0,1,1,0,1,
78,0,0,1,0,1,0,0,1,1,1,1,1,
79,1,1,0,0,1,0,1,1,1,1,0,1,
80,0,0,0,0,1,0,0,0,0,1,1,1,
81,1,1,0,0,1,0,1,0,0,1,1,0,
82,1,0,1,1,0,0,0,0,1,1,0,1,
83,1,1,1,1,0,1,0,1,0,0,1,1,
84,0,0,0,1,1,0,1,0,1,1,0,0,
85,0,0,0,1,1,0,0,0,1,0,1,0,
86,1,1,0,1,0,1,1,0,1,1,0,0,
87,0,0,1,1,1,0,0,0,0,1,0,0,
88,0,1,0,0,0,1,0,0,1,0,1,0,
89,1,0,0,0,1,0,1,1,0,1,0,0,
90,1,0,0,0,0,1,0,0,0,0,1,1,
91,1,0,0,1,0,0,0,0,0,1,0,0,
92,0,0,1,1,0,1,0,1,0,1,0,1,
93,0,0,1,1,0,1,0,0,0,1,0,1,
94,1,0,1,0,0,0,0,0,0,1,0,1,
95,1,1,1,1,1,0,0,0,1,0,1,0,
96,1,0,1,1,0,1,0,1,1,0,1,0,
97,1,0,1,0,0,0,1,1,1,1,1,0,
98,1,1,0,0,0,0,1,1,0,1,0,0,
99,0,0,0,0,1,0,0,1,1,1,1,1,
100,1,1,1,1,0,0,1,1,0,0,1,0,
101,1,0,1,1,1,1,0,0,0,1,0,0,
102,0,0,0,1,0,0,0,1,1,0,0,0,
103,0,1,0,0,0,1,0,1,1,1,1,1,
104,0,0,1,0,1,0,0,1,0,0,0,1,
105,0,1,0,1,1,0,0,0,1,0,1,0,
106,0,0,1,0,1,0,0,0,1,1,1,0,
107,1,0,1,0,1,0,0,0,0,1,0,0,
108,0,1,0,0,1,1,1,0,1,0,0,1,
109,0,1,0,1,0,1,1,0,1,1,0,1,
110,0,1,0,1,1,1,1,0,0,1,0,1,
111,0,0,1,1,1,1,1,1,0,0,0,0,
112,1,0,1,1,0,0,0,1,0,1,1,1,
113,1,1,1,1,0,0,0,0,0,1,0,0,
114,1,0,1,0,1,0,0,0,0,0,0,1,
115,0,1,1,1,0,1,1,0,0,0,0,1,
116,1,0,1,0,1,1,1,1,0,0,1,0,
117,0,0,0,0,1,0,0,1,0,1,1,0,
118,0,0,0,1,0,0,0,0,1,0,1,0,
119,0,1,1,1,1,1,1,0,0,0,1,1,
120,0,1,1,0,0,0,1,1,0,0,1,0,
121,0,1,1,1,1,0,0,1,0,1,0,0,
122,0,1,1,1,0,1,1,0,0,1,0,1,
123,1,1,1,1,0,1,0,0,0,0,0,1,
124,0,1,1,1,0,0,0,0,1,0,1,1,
125,0,1,0,0,0,1,1,1,0,0,1,1,
126,0,0,0,1,0,1,0,0,0,1,0,1,
127,0,0,0,0,1,0,0,1,0,0,1,0,
128,1,1,0,1,1,1,0,0,0,0,1,0,
129,1,0,1,1,1,1,0,0,1,1,0,1,
130,1,0,0,1,1,0,0,1,1,1,0,0,
131,1,0,0,0,1,1,1,0,0,1,1,0,
132,0,1,1,1,1,1,0,0,0,1,1,0,
133,0,1,1,0,0,1,1,1,1,1,0,0,
134,0,0,1,1,1,0,1,1,0,1,1,1,
135,0,0,1,0,0,1,0,0,0,1,1,1,
136,1,1,1,0,1,1,0,0,0,1,1,0,
137,0,0,1,0,0,0,1,1,0,1,1,1,
138,0,1,1,0,0,1,0,1,1,1,1,0,
139,0,1,0,0,1,0,0,1,0,1,1,0,
140,1,0,1,0,0,0,0,1,1,1,1,1,
141,0,1,1,1,1,0,0,1,1,1,1,0,
142,1,1,0,1,1,0,0,1,1,0,1,1,
143,0,0,1,0,1,1,0,1,0,0,0,0,
144,1,0,0,1,0,0,1,0,1,0,1,0,
145,1,1,0,0,0,0,0,1,0,0,1,1,
146,0,1,0,0,1,1,1,1,0,0,1,1,
147,1,0,0,1,0,1,0,1,0,1,0,1,
148,1,1,1,0,1,0,0,0,1,0,0,1,
149,0,0,1,1,1,1,1,0,1,1,1,1,
150,1,0,1,1,1,0,0,1,1,1,0,1,
151,0,0,0,1,1,0,0,0,1,1,0,1,
152,0,1,0,0,1,1,1,1,1,1,0,1,
153,1,0,0,1,0,0,1,1,1,0,1,0,
154,0,0,1,0,1,0,1,0,0,0,1,0,
155,0,0,0,0,0,1,0,0,0,1,1,0,
156,1,0,0,1,1,0,1,0,1,0,1,0,
157,1,1,0,0,1,0,1,0,1,0,0,0,
158,0,0,1,0,0,0,1,1,1,1,1,0,
159,1,1,1,1,1,1,0,1,1,1,1,0,
160,1,1,0,0,0,0,1,1,0,0,1,0,
161,1,1,0,1,0,0,1,0,1,0,0,0,
162,1,1,1,0,1,1,1,0,1,0,0,1,
163,1,0,1,0,1,1,1,0,0,1,1,1,
164,1,1,1,0,1,1,0,1,1,0,0,0,
165,0,1,0,0,1,1,0,0,1,1,1,0,
166,1,1,1,1,1,1,1,1,0,1,1,0,
167,0,1,1,1,1,0,1,0,0,0,0,1,
168,1,0,0,0,1,0,0,1,1,0,0,1,
169,0,1,1,0,0,0,1,1,1,0,0,1,
170,0,1,1,1,1,0,0,0,1,0,0,0,
171,1,1,0,1,0,0,0,1,0,1,1,0,
172,0,1,1,1,1,0,1,0,1,0,1,1,
173,1,1,0,1,0,1,1,0,0,0,1,1,
174,0,0,1,0,0,1,1,1,0,0,0,1,
175,1,1,0,1,1,1,1,1,1,1,0,1,
176,1,1,0,0,1,1,1,1,1,0,0,0,
177,0,1,1,0,1,1,1,0,1,1,0,1,
178,0,1,1,0,1,1,1,0,0,0,0,1,
179,0,0,1,0,0,1,1,0,1,0,1,0,
180,0,0,0,1,1,1,1,1,1,0,1,1,
181,0,1,1,1,0,1,0,1,0,0,0,1,
182,0,1,1,0,1,1,0,1,1,0,1,1,
183,0,1,0,1,0,1,1,1,1,0,1,0,
184,0,0,1,1,1,1,0,1,0,1,0,1,
185,1,0,0,1,0,1,0,0,1,0,1,0,
186,0,0,0,1,1,0,1,0,0,1,0,0,
187,0,1,1,1,1,1,0,1,0,0,1,1,
188,1,0,0,1,0,1,0,1,0,0,1,0,
189,0,0,1,0,1,1,0,1,0,1,1,1,
190,1,0,0,1,0,1,1,1,0,0,1,0,
191,0,0,0,1,0,1,0,1,0,0,0,0,
192,1,0,0,1,1,1,1,0,0,0,0,0,
193,0,1,1,0,0,1,1,0,0,1,1,1,
194,1,0,1,1,1,0,0,1,1,0,0,0,
195,0,1,1,0,1,0,0,1,1,0,1,1,
196,0,1,1,1,0,0,1,0,1,1,0,0,
197,1,1,1,1,0,1,0,1,0,1,1,1,
198,1,0,1,1,1,0,1,1,1,0,0,1,
199,1,1,1,1,1,1,0,1,0,0,0,1,
200,0,1,0,0,1,0,0,0,0,1,1,0,
201,1,1,0,1,0,0,0,0,0,1,1,1,
202,0,0,0,1,1,1,0,1,0,1,1,0,
203,1,0,1,1,1,1,0,1,0,0,1,0,
204,1,0,1,1,1,1,1,1,0,1,0,1,
205,1,1,1,0,1,0,1,1,0,1,0,0,
206,1,0,1,0,0,1,0,1,0,1,0,0,
207,1,1,0,1,0,1,0,0,1,0,1,1,
208,1,0,0,0,1,0,1,1,0,0,0,0,
209,0,1,1,0,1,1,1,1,1,0,0,0,
210,1,1,0,0,1,0,0,1,0,0,1,0,
211,0,1,0,1,1,1,0,1,0,1,1,0,
212,1,1,0,1,1,0,0,1,1,0,0,0,
213,0,1,0,1,1,0,1,0,1,0,1,0,
214,1,0,1,0,1,1,0,1,1,1,1,0,
215,1,1,0,1,1,0,1,0,0,1,0,0,
216,1,0,0,1,1,1,0,1,0,0,1,0,
217,0,1,0,1,0,1,1,1,0,1,0,1,
218,0,0,0,1,0,0,1,1,1,0,0,1,
219,1,0,1,0,1,1,1,1,1,0,1,1,
220,0,1,1,1,1,0,1,1,0,0,1,1,
221,1,0,1,0,0,0,0,1,1,0,0,0,
222,1,0,1,0,1,1,0,0,1,1,0,1,
223,1,1,1,0,0,0,0,1,1,1,0,0,
224,0,0,0,0,1,0,1,0,0,1,0,1,
225,1,0,0,0,0,0,1,0,0,0,1,0,
226,0,0,0,0,1,1,0,0,1,0,0,1,
227,0,0,0,1,0,0,0,1,1,0,1,1,
228,0,0,1,0,0,0,1,0,1,0,1,1,
229,1,1,0,1,0,1,0,1,1,1,0,0,
230,0,1,1,0,1,1,1,0,1,0,1,0,
231,1,0,1,0,0,0,1,1,0,1,1,0,
232,0,1,1,1,1,1,0,1,1,0,0,1,
233,0,1,0,1,0,1,0,1,1,0,0,1,
234,1,0,1,0,1,1,1,0,1,0,0,0,
235,1,0,0,1,0,1,1,1,1,0,1,1,
236,0,1,1,0,0,0,0,0,1,0,1,1,
237,0,1,0,0,0,0,1,1,1,0,0,0,
238,1,1,0,1,1,0,1,1,0,0,0,1,
239,0,0,1,0,0,0,0,1,0,1,0,0,
240,0,1,0,1,1,1,1,1,1,0,0,0,
241,1,1,0,0,0,0,1,0,1,0,0,0,
242,1,1,0,1,0,1,0,1,1,1,1,0,
243,0,1,1,0,1,1,1,0,1,1,0,1,
244,0,1,1,1,1,1,1,0,1,1,1,0,
245,0,1,1,1,0,0,1,1,1,1,0,0,
246,1,1,1,0,1,1,1,1,1,0,0,0,
247,1,0,0,1,0,0,0,1,1,0,0,0,
248,0,1,1,1,1,1,1,0,0,0,1,0,
249,0,1,0,1,0,0,0,0,0,1,0,1,
250,1,0,1,1,1,0,0,1,1,0,1,1,
251,0,0,0,0,0,0,1,1,1,0,1,1,
252,0,1,0,1,1,1,1,0,1,1,0,1,
253,1,1,0,1,0,0,1,0,0,1,1,1,
254,1,0,0,1,0,1,0,0,1,0,1,0,
255,0,0,0,1,0,1,0,0,0,1,1,0,
256,1,1,1,1,1,0,1,1,0,1,0,1,
257,0,0,0,1,0,1,1,1,0,0,1,1,
258,1,0,0,0,0,0,0,0,1,0,1,1,
259,1,1,0,1,1,1,1,0,0,1,1,1,
260,1,0,1,0,1,1,0,0,1,1,0,0,
261,0,0,0,0,1,1,0,0,0,0,1,1,
262,0,1,0,0,0,0,0,1,1,1,0,0,
263,1,1,0,0,0,0,0,1,1,1,1,0,
264,1,0,1,1,0,1,0,0,1,1,1,0,
265,1,1,1,0,1,0,1,0,0,1,1,0,
266,1,1,0,0,1,1,1,1,0,0,0,0,
267,1,1,1,1,1,1,1,0,0,1,0,1,
268,1,0,0,0,1,1,0,1,0,0,0,0,
269,0,1,0,1,0,1,1,1,1,0,1,1,
270,1,1,0,1,1,0,0,1,0,1,0,0,
271,0,0,1,1,0,1,1,0,0,1,1,0,
272,0,0,1,1,1,0,0,1,0,1,0,1,
273,0,0,1,1,0,0,1,1,1,1,0,1,
274,0,0,0,1,1,0,1,1,1,0,0,1,
275,0,1,0,0,0,1,0,1,0,1,0,1,
276,0,0,1,1,1,0,0,0,0,1,1,0,
277,1,1,0,1,1,1,0,1,1,1,0,1,
278,1,1,0,0,0,1,1,0,1,1,1,1,
279,1,1,1,1,1,0,0,0,0,0,0,0,
280,1,1,0,1,0,0,1,0,0,1,0,1,
281,1,0,0,1,1,1,1,0,1,0,1,1,
282,1,0,1,1,0,1,1,0,0,0,0,0,
283,1,0,0,0,0,0,1,1,0,0,0,1,
284,1,0,1,1,0,1,1,0,1,1,1,0,
285,1,1,0,0,0,0,1,0,1,1,0,0,
286,1,0,1,0,1,1,1,1,0,0,0,1,
287,1,1,1,0,0,0,1,0,1,0,1,0,
288,0,1,1,0,1,1,0,1,0,1,0,1,
289,0,1,1,0,0,1,0,1,0,1,1,0,
290,0,0,1,0,0,1,0,1,1,1,0,0,
291,1,0,1,0,0,1,1,0,0,1,1,1,
292,0,1,1,0,1,1,0,0,0,1,1,1,
293,0,0,0,0,1,1,1,0,0,1,0,0,
294,1,0,0,0,0,1,0,0,1,1,0,0,
295,1,0,1,1,1,1,1,1,0,0,0,0,
296,1,1,0,0,1,0,0,0,0,0,0,1,
297,0,0,1,0,1,1,1,0,1,0,0,0,
298,1,1,1,1,1,1,0,0,0,1,1,0,
299,1,1,1,0,0,1,1,0,1,1,1,0,
300,0,1,1,1,0,1,1,0,1,0,0,1,
301,0,1,0,0,0,1,1,1,0,0,1,1,
302,1,0,1,0,0,1,1,1,1,1,0,0,
303,1,1,0,0,0,0,1,0,1,0,1,1,
304,1,1,0,0,0,1,0,0,0,1,1,1,
305,1,1,0,0,1,1,0,0,0,0,1,1,
306,0,0,0,0,0,0,1,1,0,1,0,0,
307,0,1,1,0,0,1,1,0,1,1,1,0,
308,1,1,0,0,1,1,0,0,1,0,1,0,
309,0,0,0,1,0,1,0,1,1,1,1,0,
310,1,0,0,1,1,0,1,0,1,1,0,1,
311,1,0,1,1,0,0,1,1,0,0,0,1,
312,0,1,0,0,0,1,0,1,1,1,0,1,
313,1,0,0,1,1,0,0,0,1,0,1,1,
314,0,0,0,0,0,1,0,0,0,0,1,0,
315,1,0,0,0,1,0,1,0,1,0,0,0,
316,1,0,1,0,1,0,1,1,0,0,0,0,
317,1,0,1,1,0,0,0,0,1,0,1,0,
318,0,0,0,1,0,0,1,1,0,0,0,1,
319,0,0,0,0,1,0,0,1,0,1,1,1,
320,0,0,0,1,0,1,1,0,1,1,1,1,
321,1,1,0,1,0,1,1,0,1,0,0,1,
322,1,0,0,0,1,0,0,1,0,1,1,1,
323,1,1,1,0,0,0,0,1,1,1,1,1,
324,1,1,0,0,0,0,1,1,0,1,1,0,
325,1,1,0,1,0,1,0,1,1,0,0,1,
326,1,1,0,0,1,1,0,0,0,0,1,0,
327,0,0,0,1,1,1,1,0,1,0,0,0,
328,0,0,0,1,0,0,0,0,0,1,1,0,
329,1,1,1,1,1,1,0,1,0,1,0,0,
330,1,1,0,0,1,0,0,1,0,1,1,0,
331,1,0,1,0,1,0,1,0,1,0,0,1,
332,1,1,0,0,0,0,0,0,0,0,1,0,
333,0,1,0,1,0,0,1,0,0,0,0,0,
334,0,0,1,0,0,0,0,1,1,0,0,0,
335,1,1,0,0,1,1,0,0,1,0,1,1,
336,1,0,1,0,0,1,1,1,1,1,1,1,
337,1,0,0,1,1,1,0,1,1,1,0,0,
338,1,1,1,0,0,1,0,0,0,1,1,1,
339,0,0,0,0,0,1,0,1,0,0,1,0,
340,0,0,0,0,1,0,0,0,0,0,1,1,
341,1,1,1,1,0,0,1,1,0,1,0,1,
342,1,1,0,1,0,0,1,1,1,1,0,0,
343,0,0,0,1,1,1,1,1,1,0,0,1,
344,1,1,0,1,1,0,1,1,0,0,1,0,
345,0,0,0,1,1,0,1,0,0,1,1,0,
346,1,1,1,1,1,1,1,1,1,0,1,1,
347,0,0,0,0,1,0,0,0,0,0,1,1,
348,0,1,0,1,0,0,0,1,0,0,1,1,
349,0,0,0,1,1,1,1,0,1,0,1,0,
350,0,0,1,0,1,1,0,0,0,0,1,0,
351,1,1,0,1,0,1,1,1,0,0,1,0,
352,0,0,0,0,1,0,0,0,0,0,1,0,
353,0,0,1,1,0,1,0,0,1,1,0,0,
354,0,0,1,1,0,1,0,1,1,0,0,0,
355,1,1,0,1,0,0,0,1,1,1,1,0,
356,1,1,1,1,0,0,0,1,1,1,0,1,
357,1,0,1,1,0,1,1,1,1,1,1,1,
358,0,0,0,1,0,1,0,0,0,0,1,0,
359,0,1,0,0,0,0,1,0,1,1,0,1,
360,0,0,1,0,1,0,0,0,1,0,0,1,
361,0,0,1,1,1,1,0,1,1,0,0,0,
362,0,1,0,1,1,0,1,0,0,0,1,0,
363,0,0,1,1,0,0,0,0,0,0,0,0,
364,0,1,0,1,1,1,1,0,1,1,1,1,
365,1,1,0,1,0,1,1,0,1,1,0,0,
366,1,1,0,1,1,1,1,1,1,0,0,0,
367,0,0,0,1,1,0,0,0,0,0,1,1,
368,1,1,1,1,1,1,0,0,1,1,1,1,
369,0,1,1,1,0,0,1,1,0,1,1,0,
370,1,1,0,1,1,1,1,0,1,1,1,1,
371,1,0,1,0,0,1,1,0,1,1,0,1,
372,1,0,1,1,1,1,0,1,0,1,0,1,
373,0,0,1,1,0,0,0,1,1,0,1,1,
374,1,0,0,1,0,1,0,1,1,1,0,0,
375,0,0,0,1,0,0,0,1,1,0,0,0,
376,1,0,0,0,1,0,0,0,1,0,1,0,
377,0,0,0,0,1,1,1,1,0,1,1,0,
378,0,0,0,0,1,1,0,1,0,0,1,1,
379,0,0,1,0,0,1,0,0,0,1,0,0,
380,0,1,0,0,0,0,1,0,1,1,0,0,
381,1,1,1,1,1,0,0,1,1,1,1,0,
382,1,0,0,1,0,0,0,0,0,1,1,0,
383,0,0,0,0,1,1,0,0,0,0,0,1,
384,0,0,0,1,0,0,0,0,1,0,1,0,
385,1,1,1,0,0,1,0,1,0,1,1,1,
386,1,1,1,0,1,0,1,1,0,0,1,0,
387,0,1,0,1,0,1,1,0,0,0,0,1,
388,0,1,0,0,1,1,1,1,0,0,0,1,
389,0,1,0,0,0,0,1,0,0,0,1,1,
390,1,0,1,1,1,1,1,0,1,1,1,0,
391,0,1,0,0,0,0,1,1,1,1,0,0,
392,0,0,1,0,0,0,0,0,0,1,1,0,
393,1,0,0,0,0,1,1,0,0,1,0,1,
394,1,0,0,1,1,0,0,0,1,0,1,1,
395,1,1,0,1,0,0,0,1,1,1,1,0,
396,1,1,0,1,0,0,1,0,0,0,0,0,
397,1,1,0,0,0,0,1,0,0,0,1,1,
398,0,1,0,1,1,1,0,0,1,0,0,1,
399,0,0,0,0,0,0,1,1,1,0,0,1,
400,1,0,1,0,1,1,1,0,0,0,1,0,
401,0,0,1,1,0,0,0,1,0,0,1,1,
402,0,0,1,1,0,0,0,0,1,1,0,0,
403,0,1,0,0,1,1,0,1,0,0,0,1,
404,1,0,1,1,1,0,0,1,1,1,1,0,
405,1,0,0,1,0,1,1,1,0,0,1,0,
406,1,0,1,1,0,1,0,1,1,1,0,1,
407,0,0,0,1,1,1,1,1,1,0,1,1,
408,1,0,0,0,0,0,0,0,1,1,0,1,
409,1,1,0,1,0,1,1,0,1,0,0,0,
410,0,1,0,1,0,0,0,0,1,0,1,0,
411,1,1,1,1,0,1,0,0,1,0,1,0,
412,1,0,0,1,1,0,0,0,1,1,0,1,
413,0,1,1,1,0,1,0,1,1,0,1,1,
414,1,0,1,1,1,0,1,1,1,1,0,0,
415,0,1,0,1,1,0,1,1,0,0,0,0,
416,1,0,0,0,1,1,1,0,0,0,1,0,
417,1,0,1,0,0,1,1,1,1,1,1,0,
418,0,0,0,1,1,1,0,0,1,0,0,0,
419,0,1,1,0,1,1,1,0,0,0,1,0,
420,1,0,1,1,1,1,1,1,1,1,1,1,
421,0,1,1,0,0,1,0,0,0,0,1,1,
422,0,1,1,1,1,1,1,1,1,1,1,1,
423,0,1,0,1,1,1,0,1,1,0,1,1,
424,0,0,0,1,0,1,0,0,1,0,0,1,
425,0,0,0,0,0,0,1,1,1,0,0,1,
426,0,0,0,0,0,0,1,0,0,1,0,0,
427,0,0,0,0,0,0,0,1,0,1,0,1,
428,0,1,0,0,1,0,0,0,1,1,0,0,
429,0,1,1,0,1,0,0,0,1,1,1,1,
430,0,0,1,0,0,0,1,1,0,0,0,0,
431,1,1,1,1,1,0,0,0,0,1,1,0,
432,0,1,1,1,0,1,1,0,0,0,0,0,
433,0,0,1,1,1,1,1,1,1,0,1,1,
434,0,0,0,0,1,0,0,0,0,0,0,0,
435,1,1,1,1,1,1,1,1,1,0,1,0,
436,0,0,0,1,1,1,0,1,0,1,0,0,
437,0,1,0,1,1,1,1,1,0,1,1,0,
438,1,1,1,0,0,0,0,1,0,1,1,1,
439,0,1,0,1,0,0,0,1,1,0,0,0,
440,1,1,0,1,0,0,1,1,1,1,0,1,
441,1,1,0,0,1,0,1,1,1,0,0,0,
442,1,1,1,0,0,0,0,0,1,0,0,0,
443,1,0,1,0,1,1,0,1,1,1,1,0,
444,1,0,0,0,0,1,1,1,0,1,0,1,
445,0,0,0,0,0,1,1,0,1,1,1,0,
446,1,0,0,1,0,0,1,1,1,1,0,0,
447,0,0,0,1,0,0,1,0,0,0,1,1,
448,0,1,1,1,0,1,0,1,1,0,0,0,
449,1,0,1,1,0,1,0,0,0,1,0,1,
450,1,1,0,0,0,0,1,0,0,0,1,0,
451,1,0,1,1,0,0,0,1,1,1,0,1,
452,0,0,0,1,0,0,0,0,1,0,1,1,
453,1,0,1,1,1,0,1,1,1,0,1,0,
454,0,0,1,1,0,1,1,0,0,0,0,0,
455,1,1,1,1,1,0,1,0,0,0,1,1,
456,1,1,0,0,0,1,0,1,1,1,1,1,
457,1,0,1,1,1,1,1,0,0,1,0,0,
458,0,1,1,0,1,1,1,0,1,1,0,1,
459,0,1,0,1,0,1,0,0,0,0,1,1,
460,1,1,1,0,1,0,0,0,0,0,1,0,
461,0,0,0,0,0,1,1,1,1,1,0,1,
462,0,0,1,0,0,0,0,0,0,1,0,1,
463,1,1,1,1,0,0,1,1,0,1,0,0,
464,0,1,0,1,1,1,0,0,1,0,0,0,
465,0,0,1,0,1,1,1,1,0,0,1,0,
466,1,0,1,1,1,1,1,1,1,0,1,0,
467,1,0,0,0,0,1,0,1,0,0,1,0,
468,0,1,0,1,1,0,0,1,1,1,1,1,
469,1,0,0,1,0,0,0,1,0,1,1,1,
470,0,0,1,0,1,0,0,0,1,1,0,1,
471,1,1,1,1,1,1,0,1,0,0,1,0,
472,1,0,0,0,1,1,1,0,1,0,1,0,
473,0,0,0,1,0,1,1,1,0,1,1,1,
474,0,1,1,0,1,1,0,1,0,0,1,1,
475,1,1,1,1,1,1,1,0,1,0,0,0,
476,0,1,1,0,1,1,0,1,0,1,0,0,
477,0,0,0,0,1,1,1,1,0,1,1,1,
478,1,0,1,1,1,0,0,0,1,1,1,1,
479,0,1,0,0,1,1,1,0,0,1,1,0,
480,1,1,1,0,0,0,1,1,1,1,0,1,
481,1,1,0,0,0,1,1,0,0,0,1,0,
482,0,1,1,1,0,1,0,1,0,1,1,1,
483,1,1,0,0,1,0,0,1,1,1,1,0,
484,0,1,1,1,0,0,0,0,0,1,0,0,
485,1,0,1,1,1,1,0,1,0,0,0,1,
486,1,1,1,0,0,0,1,1,0,0,0,1,
487,1,0,0,0,0,1,0,0,1,1,0,1,
488,1,0,0,1,0,0,1,0,0,0,0,1,
489,1,0,1,1,0,0,1,0,1,0,1,1,
490,0,1,0,1,0,0,0,0,0,0,1,0,
491,0,1,0,0,0,1,1,1,0,1,1,0,
492,0,1,1,1,0,0,1,0,1,1,0,0,
493,0,1,1,0,1,1,0,0,0,1,0,1,
494,0,1,0,1,1,1,1,1,0,1,1,1,
495,0,0,0,0,0,1,1,1,1,1,0,1,
496,1,1,1,0,0,0,1,0,1,0,0,0,
497,1,0,0,1,0,0,0,1,1,0,0,0,
498,1,0,1,0,1,1,1,0,0,0,1,0,
499,1,1,1,1,0,1,1,1,1,0,0,1,
500,0,0,1,0,1,1,0,0,1,0,0,0,
501,1,1,0,1,1,0,0,1,0,0,0,1,
502,1,1,1,1,1,1,1,0,0,1,1,1,
503,1,1,1,1,0,1,1,0,0,0,0,1,
504,1,1,0,1,0,0,0,1,0,0,1,0,
505,0,0,0,0,0,0,1,1,0,0,1,0,
506,1,1,0,0,1,0,1,1,0,0,0,1,
507,1,0,0,1,1,0,1,1,1,1,1,1,
508,0,1,1,0,1,1,0,0,1,0,1,0,
509,0,1,1,0,1,1,0,0,1,0,1,0,
510,0,0,0,1,1,1,0,0,1,0,1,1,
511,0,0,1,1,0,0,1,1,0,1,0,1,
512,1,0,0,0,0,0,1,0,1,1,0,1,
513,0,1,0,1,0,1,1,1,1,0,0,1,
514,1,1,1,1,1,0,1,0,0,1,1,1,
515,0,0,0,0,1,1,1,0,0,0,0,1,
516,0,0,0,1,1,0,1,0,0,0,0,1,
517,0,0,1,0,0,0,0,0,1,0,0,0,
518,1,1,0,1,0,1,0,1,1,1,1,0,
519,1,0,1,0,0,1,1,1,0,1,0,1,
520,0,1,0,1,1,0,0,1,0,1,1,1,
521,1,0,0,1,1,0,0,1,0,1,0,0,
522,0,0,1,1,1,1,0,0,1,0,1,1,
523,0,0,1,0,0,1,0,0,0,0,0,1,
524,1,1,1,1,1,1,0,0,0,1,1,0,
525,0,0,0,1,0,1,1,1,0,1,1,0,
526,1,1,0,1,1,0,0,0,0,0,0,1,
527,0,1,0,1,1,0,0,1,1,1,0,1,
528,1,1,0,0,0,1,0,0,0,1,0,1,
529,1,0,0,0,0,0,0,1,1,1,1,1,
530,0,1,1,0,1,0,0,1,0,0,0,1,
531,1,0,0,0,0,1,0,1,1,1,0,0,
532,0,1,1,0,1,0,1,0,1,0,0,1,
533,1,1,1,0,1,1,0,1,0,0,0,1,
534,0,1,0,0,1,1,0,1,1,0,1,0,
535,1,1,0,1,1,1,1,1,1,0,1,1,
536,0,1,0,1,1,1,0,1,1,1,0,1,
537,1,0,0,1,1,0,1,1,1,1,0,1,
538,1,1,0,0,0,1,0,0,1,1,0,0,
539,0,1,0,1,1,0,0,1,0,1,0,0,
540,1,0,0,0,0,1,0,0,1,0,0,1,
541,1,1,1,0,0,0,0,0,0,0,1,1,
542,0,0,1,1,1,0,1,0,0,1,0,0,
543,0,1,0,0,0,1,0,1,0,1,1,0,
544,1,0,1,0,0,0,1,0,1,1,0,0,
545,1,0,0,1,0,1,1,1,0,0,0,0,
546,0,1,1,1,0,1,0,1,0,0,1,1,
547,0,0,1,1,1,1,1,0,0,1,1,0,
548,0,1,0,0,1,0,1,0,0,0,0,0,
549,1,0,0,0,0,1,0,0,1,0,0,0,
550,0,0,0,0,0,0,0,0,1,1,1,1,
551,1,0,1,1,1,0,0,1,0,0,1,0,
552,0,1,1,0,0,0,1,1,1,0,0,1,
553,1,1,0,1,1,0,0,1,1,0,1,0,
554,1,0,0,1,0,1,1,0,1,1,1,0,
555,1,0,0,1,1,1,1,0,1,0,1,0,
556,0,0,1,0,0,1,1,0,0,1,1,0,
557,1,1,1,1,1,1,0,1,1,0,1,0,
558,0,0,1,0,0,1,1,1,1,0,1,1,
559,1,0,1,0,1,1,0,1,0,0,0,0,
560,0,1,0,1,1,0,0,1,0,1,1,0,
561,0,0,0,0,1,1,0,1,0,1,0,1,
562,0,1,1,1,0,0,0,1,1,1,0,1,
563,1,0,1,1,0,1,1,1,1,0,1,1,
564,1,1,0,1,1,1,0,0,1,1,0,1,
565,1,1,1,1,1,0,0,1,0,1,0,1,
566,1,0,1,1,1,0,1,1,0,1,1,0,
567,1,0,0,1,0,1,0,0,1,0,1,1,
568,1,0,0,1,1,1,1,0,0,1,0,1,
569,1,0,0,0,0,1,1,0,1,1,0,1,
570,0,1,1,1,0,1,1,0,1,0,0,0,
571,0,1,1,1,0,0,1,0,0,1,0,1,
572,1,0,1,0,1,0,0,1,0,1,1,1,
573,0,1,0,1,1,0,1,1,0,1,1,1,
574,1,0,0,1,1,1,1,0,0,0,0,0,
575,0,0,1,0,0,1,1,0,1,1,0,1,
576,1,1,0,0,1,0,1,1,1,1,1,1,
577,0,0,0,0,0,0,1,0,1,0,1,1,
578,0,1,1,1,1,0,1,1,0,1,1,1,
579,0,0,1,1,1,0,0,1,1,0,0,0,
580,1,1,0,1,0,1,0,1,0,0,0,0,
581,0,1,1,0,1,0,0,1,0,0,0,0,
582,0,1,1,0,1,1,1,1,0,0,1,0,
583,0,0,1,1,1,0,0,1,0,0,1,0,
584,1,1,1,0,1,0,0,1,0,1,1,1,
585,1,0,1,0,0,0,1,0,0,1,0,1,
586,1,0,1,1,1,0,1,0,1,1,1,1,
587,0,1,1,1,0,0,1,1,0,1,0,0,
588,1,1,0,0,0,1,1,0,0,1,0,1,
589,1,0,1,0,1,0,1,1,1,1,0,1,
590,1,0,1,0,0,1,1,0,0,0,0,0,
591,1,0,1,0,1,1,1,1,0,0,0,0,
592,1,1,0,1,1,1,1,0,1,1,1,1,
593,1,1,0,0,1,0,0,0,1,1,0,0,
594,1,0,0,1,1,1,1,1,1,0,1,0,
595,1,1,0,1,1,1,0,1,1,1,1,1,
596,1,1,0,1,1,0,1,0,0,1,0,0,
597,1,1,0,0,1,1,1,1,1,1,0,0,
598,0,1,0,1,0,1,1,1,1,0,1,1,
599,0,0,0,1,0,1,0,0,1,0,1,1,
600,0,0,1,1,0,1,1,0,0,0,1,0,
601,0,1,0,0,1,1,1,1,0,0,1,0,
602,0,0,1,0,1,0,1,1,1,1,0,1,
603,1,1,0,0,0,0,0,1,1,1,1,1,
604,0,0,0,0,0,0,1,1,0,1,0,0,
605,1,1,0,0,0,0,1,1,0,1,1,1,
606,1,0,1,1,1,1,0,1,1,0,1,0,
607,0,1,0,1,0,0,0,0,0,0,0,1,
608,1,1,0,0,0,1,0,0,1,0,0,0,
609,0,1,1,0,0,1,0,1,1,1,1,0,
610,0,1,0,1,1,1,1,0,0,0,1,0,
611,0,0,0,0,0,0,0,1,1,0,1,0,
612,1,0,0,0,0,1,0,1,1,0,1,0,
613,0,1,0,0,0,0,1,1,0,0,1,0,
614,1,0,0,1,1,0,0,0,0,1,1,1,
615,0,1,1,0,0,1,0,1,0,1,0,0,
616,1,1,0,0,0,1,1,1,1,0,0,1,
617,1,1,1,0,1,1,1,1,1,0,1,0,
618,1,0,1,0,0,1,1,0,1,0,0,0,
619,1,1,1,0,1,0,0,0,1,1,0,1,
620,0,0,1,1,1,1,0,0,0,0,0,0,
621,0,1,1,1,1,0,0,1,0,0,1,1,
622,1,1,0,1,1,0,1,0,1,0,1,1,
623,0,1,0,0,1,1,1,1,1,1,0,1,
624,0,1,0,0,0,0,1,1,0,1,0,1,
625,0,0,1,0,0,1,1,1,0,1,0,0,
626,1,0,1,0,0,1,1,1,0,1,1,1,
627,0,1,0,1,1,1,1,1,1,1,0,0,
628,1,1,0,1,1,1,0,1,0,0,1,0,
629,1,0,0,1,0,1,1,0,0,1,1,0,
630,0,0,0,0,1,0,0,1,0,1,0,1,
631,0,0,0,1,0,1,0,0,1,0,1,0,
632,1,0,0,0,0,1,0,1,0,0,1,0,
633,0,1,0,0,1,1,1,0,0,0,1,1,
634,0,1,1,1,1,0,1,1,1,0,1,1,
635,1,1,1,1,1,1,0,0,0,1,1,1,
636,0,0,0,0,0,1,0,0,1,0,1,0,
637,1,0,1,1,0,0,0,1,0,1,1,1,
638,1,0,0,1,1,1,0,1,0,0,1,0,
639,0,0,1,1,1,0,1,0,1,1,1,1,
640,1,0,1,0,1,1,0,1,1,0,1,0,
641,1,1,1,0,0,0,1,0,0,0,0,1,
642,0,0,0,1,0,1,1,0,1,0,1,1,
643,1,1,0,0,1,1,1,0,0,1,0,0,
644,1,0,0,0,1,0,1,1,1,1,1,0,
645,1,1,0,1,1,0,0,0,1,1,1,0,
646,1,0,1,0,0,0,1,0,1,0,0,1,
647,0,1,0,0,0,1,0,0,1,1,0,0,
648,0,0,0,0,1,1,0,1,1,1,1,1,
649,1,1,0,1,0,1,0,0,0,1,0,1,
650,1,1,1,0,0,0,1,0,0,0,0,1,
651,0,0,0,0,0,0,1,1,1,0,0,1,
652,1,1,0,1,1,0,0,0,0,1,1,1,
653,1,0,1,0,1,1,0,0,0,0,0,0,
654,1,1,0,1,1,0,1,0,1,1,0,0,
655,0,1,0,0,0,1,0,0,1,0,1,1,
656,0,1,1,0,0,0,1,1,1,0,1,0,
657,0,1,1,1,0,1,1,0,0,0,0,1,
658,1,1,0,0,0,0,0,0,0,1,1,0,
659,1,0,0,1,0,1,0,1,1,1,0,0,
660,1,0,0,1,1,1,1,1,0,0,0,1,
661,1,0,1,0,1,0,0,1,1,1,0,1,
662,0,0,1,1,0,0,1,0,1,0,0,0,
663,0,0,1,1,0,0,0,0,0,0,1,0,
664,0,0,1,1,1,1,0,1,0,1,0,1,
665,1,0,0,0,0,1,0,0,1,1,0,0,
666,0,0,1,1,0,0,1,0,0,1,0,1,
667,0,1,1,0,1,1,1,0,1,1,1,1,
668,1,1,1,0,0,0,1,0,0,0,1,0,
669,1,0,0,1,1,1,0,1,0,1,1,1,
670,1,0,1,1,1,1,1,0,1,0,0,1,
671,0,1,1,1,1,1,0,0,0,0,1,1,
672,0,0,1,0,1,0,0,1,1,0,1,1,
673,0,0,1,0,0,1,0,0,1,1,1,0,
674,0,1,1,0,0,1,1,0,0,1,1,0,
675,1,0,1,1,0,1,1,0,0,1,1,0,
676,1,1,0,0,1,0,1,1,0,0,0,1,
677,1,1,0,1,1,0,1,0,1,0,0,0,
678,0,1,1,1,0,0,1,0,1,0,0,1,
679,0,0,1,1,0,0,1,0,0,0,0,1,
680,1,1,1,1,1,0,1,1,0,0,0,1,
681,1,1,0,1,0,1,0,0,1,1,1,1,
682,0,1,1,1,0,0,0,0,1,1,1,0,
683,1,0,1,0,1,0,0,1,1,0,0,0,
684,0,0,0,0,1,1,1,0,0,0,1,0,
685,0,1,1,0,0,0,0,0,0,0,0,0,
686,1,0,1,0,0,1,1,0,0,1,1,0,
687,1,0,1,1,0,1,0,1,0,1,0,0,
688,1,0,1,1,1,0,1,1,1,0,0,1,
689,1,0,0,0,1,0,0,1,1,0,1,1,
690,1,1,1,1,0,0,1,0,1,1,1,0,
691,0,1,0,1,0,1,1,1,1,1,1,1,
692,0,1,1,0,1,1,1,1,0,0,1,1,
693,1,0,0,1,0,0,0,0,1,0,1,1,
694,0,1,0,0,0,1,0,0,0,1,0,0,
695,0,1,1,1,0,1,1,0,0,0,1,1,
696,0,1,0,0,1,1,1,0,1,1,0,1,
697,0,0,0,0,1,0,1,0,1,1,0,0,
698,1,0,0,1,1,0,0,0,0,0,1,1,
699,1,1,0,0,0,1,0,1,1,0,1,0,
700,1,1,1,1,0,1,1,1,1,0,1,0,
701,1,1,1,1,1,0,1,0,0,0,1,1,
702,0,0,0,1,1,0,1,0,1,1,0,1,
703,0,1,1,1,1,1,0,1,1,0,0,1,
704,1,1,0,0,1,0,0,0,0,0,0,0,
705,1,0,1,1,0,0,0,1,0,1,0,1,
706,0,0,1,1,1,1,1,0,1,1,0,0,
707,0,1,1,1,0,0,0,1,0,0,0,0,
708,0,0,0,0,0,1,1,0,1,1,0,0,
709,0,0,0,0,0,0,1,1,1,1,1,1,
710,0,0,0,1,0,0,0,0,0,1,1,1,
711,1,1,0,1,0,1,0,1,1,0,0,0,
712,0,0,1,1,1,0,0,0,0,1,1,1,
713,1,1,1,0,1,1,1,1,0,1,1,0,
714,1,0,0,1,0,0,0,0,0,0,0,1,
715,1,1,0,0,0,1,0,0,1,1,1,1,
716,1,1,0,0,1,0,1,0,0,1,1,1,
717,0,0,1,1,1,1,0,0,0,0,1,1,
718,0,0,1,0,1,1,1,0,1,0,0,0,
719,1,0,0,1,1,1,0,0,0,1,1,0,
720,1,1,1,1,0,0,0,1,0,0,0,0,
721,1,1,1,1,1,0,1,0,0,1,0,0,
722,0,1,0,1,0,1,0,0,1,1,0,1,
723,1,0,0,1,0,1,0,1,1,0,1,1,
724,0,0,1,0,1,1,1,1,1,0,0,1,
725,0,0,1,0,0,1,0,1,1,0,1,0,
726,0,0,1,0,0,1,0,1,1,0,0,1,
727,1,0,0,0,0,0,1,0,1,0,0,0,
728,0,1,1,0,0,0,1,0,0,0,1,0,
729,1,0,0,0,0,0,0,0,0,0,0,1,
730,1,0,0,1,0,1,1,1,1,1,1,0,
731,0,0,0,0,0,1,1,0,0,1,0,1,
732,0,0,1,0,1,1,1,1,1,0,1,1,
733,0,1,1,1,0,1,1,0,1,0,1,0,
734,0,0,1,1,1,1,1,1,0,0,1,0,
735,0,1,1,0,1,0,0,1,0,1,1,1,
736,0,1,1,0,1,1,1,0,1,1,1,1,
737,1,0,0,1,0,1,0,1,0,0,0,0,
738,0,0,0,0,0,1,1,1,1,1,1,0,
739,0,1,0,1,0,0,0,1,0,1,1,0,
740,0,1,0,1,0,1,1,0,0,0,1,1,
741,0,0,0,0,0,0,1,1,1,0,0,0,
742,1,1,1,0,0,0,1,1,0,1,0,1,
743,1,0,0,0,1,0,1,1,1,1,1,1,
744,0,0,0,0,1,1,1,1,1,0,0,1,
745,1,0,1,0,1,0,1,1,1,1,1,1,
746,0,0,1,0,0,0,1,1,0,1,1,1,
747,1,0,0,1,1,1,1,1,0,1,1,0,
748,1,0,0,0,0,0,1,0,0,0,1,1,
749,1,1,0,1,0,1,0,0,1,1,1,0,
750,1,1,0,1,0,1,1,0,0,1,1,0,
751,0,1,1,1,0,0,0,0,1,0,1,1,
752,0,0,1,0,1,0,0,0,0,0,1,0,
753,1,0,0,1,1,1,0,0,1,0,1,0,
754,0,1,0,1,1,1,0,0,0,0,0,1,
755,0,0,0,0,0,1,1,1,1,1,0,0,
756,0,0,0,1,1,1,1,0,0,1,1,1,
757,1,1,1,1,0,1,0,0,1,1,0,1,
758,0,1,1,1,0,0,1,0,0,1,1,1,
759,1,1,0,1,0,0,0,1,1,0,1,1,
760,0,0,0,1,1,1,0,0,1,0,1,0,
761,1,0,0,0,0,1,1,1,0,0,0,0,
762,0,0,1,0,0,1,0,1,1,0,1,0,
763,0,1,0,0,1,0,1,1,0,0,0,0,
764,0,0,1,1,1,0,1,0,0,1,0,1,
765,0,0,0,0,0,1,0,1,0,1,0,1,
766,1,0,0,1,1,0,1,1,1,1,1,0,
767,0,1,1,0,0,1,0,0,1,0,0,1,
768,0,0,0,0,1,1,0,1,0,1,0,1,
769,1,0,1,0,0,0,0,0,1,1,1,1,
770,0,0,0,1,1,1,0,1,1,1,0,0,
771,1,1,0,1,0,1,1,0,1,0,0,0,
772,0,1,0,0,1,0,0,0,0,1,1,0,
773,1,1,0,1,1,0,1,0,0,1,0,1,
774,0,1,0,1,1,0,0,0,1,0,1,1,
775,1,0,0,0,1,0,0,0,1,1,1,1,
776,1,1,0,1,1,0,0,0,0,1,1,1,
777,0,1,0,1,1,1,0,0,0,1,1,0,
778,0,1,0,1,0,1,1,0,0,1,1,1,
779,1,1,0,1,1,1,0,0,0,0,1,0,
780,1,0,1,0,0,1,1,0,0,0,0,1,
781,1,0,1,1,1,0,0,1,1,0,0,1,
782,0,1,0,1,0,1,1,1,0,0,1,1,
783,1,1,1,1,1,1,1,0,1,1,1,1,
784,0,1,0,0,1,0,1,1,1,1,0,1,
785,1,1,0,1,1,1,0,0,1,1,1,1,
786,1,0,0,1,0,0,1,1,1,1,1,1,
787,0,1,0,1,1,1,0,1,1,0,0,0,
788,0,1,0,1,1,1,1,0,1,1,1,0,
789,0,0,0,0,0,0,1,1,0,1,1,0,
790,0,1,0,0,1,0,0,1,1,0,0,0,
791,1,1,0,0,0,0,0,0,1,0,0,1,
792,1,1,1,0,0,0,0,0,1,1,0,1,
793,0,1,1,0,0,1,0,0,1,1,1,1,
794,1,0,1,1,1,1,0,1,0,1,1,1,
795,1,0,0,0,1,0,0,1,0,1,0,0,
796,1,1,0,0,1,1,0,0,0,1,1,0,
797,0,0,0,0,1,1,1,0,1,1,1,0,
798,1,0,1,1,0,0,0,0,0,1,0,0,
799,0,1,1,0,1,0,1,0,1,1,0,1,
800,0,0,0,0,1,0,1,1,1,1,0,0,
801,1,1,0,0,0,0,1,0,0,0,1,0,
802,0,0,0,0,1,1,1,0,1,0,1,1,
803,1,1,1,0,1,1,1,0,1,0,1,1,
804,0,0,0,1,1,0,0,0,1,1,1,1,
805,1,0,1,1,0,0,0,0,0,1,1,1,
806,1,0,0,0,1,0,0,1,1,0,1,0,
807,1,1,0,1,0,1,1,0,1,0,0,1,
808,1,0,1,0,1,1,1,1,1,0,0,1,
809,1,0,0,1,1,0,0,1,1,1,1,0,
810,1,1,1,0,0,1,1,1,0,0,0,1,
811,0,1,0,0,1,1,1,0,0,0,1,1,
812,1,0,0,1,0,0,0,0,0,0,0,1,
813,0,1,0,1,0,0,0,0,0,1,0,1,
814,0,0,1,0,1,0,1,0,1,0,1,1,
815,0,0,0,0,1,0,1,0,0,0,1,0,
816,0,0,1,1,0,1,0,0,1,1,1,0,
817,0,1,1,1,0,0,1,0,0,1,1,0,
818,1,0,0,0,1,0,1,0,0,0,1,1,
819,0,1,0,0,1,1,1,1,0,0,1,1,
820,1,0,1,1,1,1,1,1,1,0,1,0,
821,1,1,0,0,0,0,1,0,1,0,0,0,
822,0,0,1,1,1,1,1,1,0,0,1,0,
823,1,0,0,1,0,0,1,1,1,1,1,0,
824,0,0,1,1,0,0,1,1,1,1,0,1,
825,0,1,0,1,0,1,1,1,1,1,1,1,
826,0,0,0,0,1,1,0,1,1,1,0,1,
827,1,1,1,0,0,0,1,0,0,0,0,0,
828,1,1,0,1,1,0,1,1,1,0,0,0,
829,0,1,1,0,1,1,0,1,0,1,0,1,
830,1,0,0,1,1,0,0,0,0,1,1,0,
831,0,1,1,0,0,0,0,1,1,1,1,1,
832,0,1,1,0,0,0,1,1,0,1,1,1,
833,0,1,0,0,0,0,1,1,1,0,0,1,
834,0,0,0,0,0,1,0,1,1,0,0,1,
835,0,0,1,0,0,0,0,1,0,1,0,0,
836,1,0,1,1,0,1,1,1,0,1,1,1,
837,0,1,0,0,1,0,1,1,1,1,1,1,
838,1,1,1,0,0,0,1,1,0,1,0,1,
839,0,0,1,1,0,1,1,1,0,0,0,1,
840,0,1,1,0,0,1,0,0,1,1,1,1,
841,0,0,1,0,0,0,1,0,0,1,1,1,
842,0,1,0,0,0,1,1,0,1,0,0,1,
843,1,0,1,0,1,0,1,1,0,0,0,1,
844,1,0,1,1,0,1,0,0,0,0,1,0,
845,1,0,1,0,0,0,0,1,0,1,1,0,
846,0,0,1,0,1,0,1,1,0,1,1,1,
847,0,0,0,0,0,0,0,1,1,0,0,0,
848,0,1,0,1,0,0,1,1,0,1,1,1,
849,0,1,0,0,0,0,1,0,1,0,1,1,
850,0,1,1,0,1,1,0,1,0,0,0,0,
851,0,0,0,0,0,1,0,1,1,0,1,1,
852,1,1,1,1,1,1,0,0,0,0,1,1,
853,0,1,1,0,0,1,0,1,0,0,0,1,
854,1,1,0,1,1,1,1,0,1,0,1,1,
855,0,1,1,0,0,0,1,0,0,0,0,0,
856,1,0,1,1,1,0,1,1,1,0,1,0,
857,1,0,1,0,1,1,0,1,0,0,0,0,
858,0,1,0,1,0,0,0,0,0,1,1,0,
859,0,0,1,1,0,0,0,1,1,1,1,0,
860,0,0,1,0,0,0,0,1,1,0,0,1,
861,1,1,1,0,0,0,0,1,1,1,1,0,
862,1,0,1,1,0,0,1,1,1,1,0,1,
863,0,1,1,1,0,1,1,0,1,1,1,1,
864,1,1,1,1,1,0,0,1,0,0,0,0,
865,1,0,1,0,0,0,1,1,1,1,1,0,
866,0,0,1,0,0,1,1,0,1,1,1,1,
867,1,1,0,1,1,0,0,1,0,1,1,1,
868,0,0,0,1,0,1,1,0,1,1,0,1,
869,0,1,1,0,1,0,0,1,1,1,1,1,
870,0,0,0,1,1,1,1,1,0,1,0,0,
871,0,1,0,0,1,0,1,0,1,1,1,0,
872,0,1,0,1,1,0,1,0,0,0,0,1,
873,1,0,1,0,0,0,1,0,1,1,0,0,
874,1,1,0,1,1,1,0,1,0,1,1,1,
875,0,0,0,1,1,0,0,0,1,0,0,0,
876,1,0,1,0,1,1,1,0,0,1,1,1,
877,0,1,0,0,0,0,1,1,1,1,1,0,
878,0,1,0,1,0,1,1,0,1,1,1,1,
879,1,1,1,0,0,0,0,0,0,1,1,1,
880,1,0,0,0,1,1,1,0,0,1,0,1,
881,1,1,1,1,1,1,0,0,0,0,0,1,
882,0,1,0,1,1,1,0,1,1,1,0,0,
883,1,0,0,0,0,1,1,1,0,0,0,0,
884,0,1,0,0,1,1,1,1,1,1,1,1,
885,1,0,0,0,1,1,1,0,1,1,0,1,
886,0,0,0,0,1,0,1,0,0,0,1,0,
887,0,0,1,1,0,0,1,1,0,1,0,0,
888,0,1,1,1,1,0,0,0,0,0,1,0,
889,1,0,0,1,1,0,1,1,0,0,0,1,
890,1,0,0,0,0,0,1,0,0,1,0,0,
891,0,0,0,0,0,1,0,0,1,0,1,1,
892,0,0,0,1,0,1,0,0,0,1,0,1,
893,0,0,0,1,1,1,1,0,1,0,0,0,
894,0,0,0,1,1,0,1,1,0,0,0,1,
895,0,1,0,1,0,1,0,1,1,1,0,1,
896,0,1,1,0,0,0,1,0,0,0,1,0,
897,0,0,0,1,0,0,1,0,0,0,0,1,
898,0,1,1,0,0,1,0,0,0,1,0,1,
899,0,0,0,1,1,1,1,0,1,0,0,0,
900,1,0,1,1,1,0,0,1,1,0,0,1,
901,1,0,1,1,0,1,0,1,0,1,1,0,
902,0,0,1,0,0,0,1,1,1,0,0,1,
903,0,1,1,0,1,0,1,1,0,0,1,0,
904,1,1,0,1,0,0,1,0,0,1,1,1,
905,0,0,0,1,0,0,0,1,0,1,1,1,
906,1,0,0,1,0,0,0,0,1,1,0,1,
907,0,1,1,0,1,0,1,1,0,1,0,1,
908,1,0,0,0,1,1,1,0,0,0,0,0,
909,0,0,0,1,0,1,0,0,1,1,0,1,
910,1,1,0,1,0,1,1,1,1,1,1,0,
911,1,1,1,0,0,0,1,1,0,1,0,1,
912,1,1,0,0,1,0,0,0,1,0,1,1,
913,0,1,1,0,1,1,1,0,0,0,1,0,
914,1,0,1,1,1,0,1,1,1,0,1,1,
915,0,0,0,0,0,1,0,1,1,1,0,0,
916,1,1,0,0,0,1,0,1,0,0,1,0,
917,0,1,1,0,0,0,0,1,0,1,0,0,
918,1,0,1,0,0,0,1,1,1,0,1,1,
919,1,0,0,0,0,1,1,1,1,0,0,0,
920,1,1,1,1,0,1,0,0,1,1,0,1,
921,0,1,1,0,1,0,0,1,1,1,1,0,
922,1,1,0,0,1,1,0,1,1,1,0,1,
923,1,0,1,1,0,1,1,0,0,0,0,0,
924,1,1,1,1,0,1,0,0,0,1,0,0,
925,1,0,0,0,0,0,1,1,1,0,1,0,
926,0,0,1,1,0,0,0,0,1,1,1,0,
927,0,1,1,1,0,0,1,1,1,0,0,1,
928,1,1,1,1,0,1,0,0,0,0,1,1,
929,0,1,1,1,0,0,0,0,1,1,0,0,
930,0,0,0,0,0,1,0,1,1,1,0,0,
931,0,0,0,0,1,1,1,0,1,1,1,1,
932,1,1,0,0,1,0,0,1,0,1,1,0,
933,1,1,1,1,0,0,0,1,0,1,0,1,
934,1,1,1,1,0,1,1,0,1,0,0,0,
935,0,0,1,1,0,1,0,1,0,1,0,0,
936,1,1,1,1,0,1,1,0,1,0,0,1,
937,1,1,0,0,0,1,0,1,1,1,0,1,
938,1,0,0,0,1,1,1,1,0,0,1,1,
939,0,1,1,1,0,0,0,1,1,1,0,0,
940,1,0,1,1,1,1,1,0,0,1,0,1,
941,1,0,0,0,0,1,1,1,1,1,0,1,
942,0,0,1,0,1,1,1,0,0,1,1,1,
943,0,0,0,1,0,0,1,1,1,1,0,0,
944,0,0,0,1,1,1,1,0,1,0,0,1,
945,1,1,0,0,0,0,0,0,1,0,0,0,
946,1,0,1,0,0,0,1,1,0,1,1,0,
947,1,0,0,0,0,1,1,1,0,0,1,0,
948,0,1,1,1,1,1,1,0,0,1,0,1,
949,0,0,1,0,1,0,0,0,0,0,1,0,
950,0,1,0,0,1,0,0,0,0,0,0,1,
951,0,0,0,1,1,0,0,1,0,1,0,1,
952,1,0,1,0,0,0,1,1,0,1,0,1,
953,0,0,0,1,1,1,0,0,1,1,1,0,
954,1,1,1,0,1,0,1,1,1,1,1,1,
955,0,0,0,1,1,1,0,0,1,0,1,1,
956,1,1,1,1,0,1,0,1,1,0,0,1,
957,1,1,1,1,0,0,0,0,1,1,0,0,
958,1,0,0,1,1,1,0,1,1,0,1,0,
959,0,1,0,1,1,0,1,0,1,0,0,0,
960,1,0,0,0,0,1,0,1,0,0,0,1,
961,1,1,1,0,0,0,1,1,0,1,1,1,
962,0,1,0,0,1,1,0,1,0,1,0,1,
963,1,0,0,0,1,0,0,1,0,0,0,0,
964,0,1,1,1,0,1,1,0,0,0,1,1,
965,0,0,1,0,1,1,0,0,0,0,0,0,
966,1,0,0,1,1,0,0,1,0,1,1,1,
967,1,0,1,1,0,0,1,0,0,1,0,0,
968,0,0,0,1,0,0,1,0,0,1,1,1,
969,0,0,1,1,1,0,1,0,0,1,1,0,
970,1,1,0,0,0,0,1,0,1,0,1,1,
971,0,0,0,1,1,1,0,0,1,0,1,0,
972,1,0,0,1,1,0,1,0,1,0,0,0,
973,1,0,0,1,0,0,0,0,1,1,1,0,
974,1,0,1,0,1,1,1,1,1,0,1,0,
975,0,0,0,1,1,0,1,1,1,1,0,0,
976,0,0,1,1,1,0,0,0,0,0,0,0,
977,1,0,1,0,0,0,0,1,0,1,0,1,
978,0,0,1,0,1,1,0,0,0,1,0,1,
979,0,1,0,0,1,1,0,1,1,1,1,0,
980,0,0,1,0,0,1,0,1,0,1,1,0,
981,0,0,0,0,1,1,1,0,0,1,1,0,
982,1,0,1,0,0,0,0,1,1,0,1,0,
983,1,0,0,0,0,1,0,1,1,0,0,1,
984,1,1,1,0,1,1,1,1,0,0,1,0,
985,1,1,1,1,0,0,0,1,0,0,0,1,
986,1,1,1,0,0,1,0,0,0,1,0,0,
987,1,0,0,1,1,1,1,0,0,0,0,1,
988,0,0,0,1,1,1,1,1,1,1,0,0,
989,1,1,0,1,1,0,0,0,0,1,1,1,
990,1,0,1,1,0,0,1,0,0,0,0,0,
991,0,1,1,0,1,1,1,0,1,0,0,1,
992,1,0,0,1,0,0,0,1,0,1,1,1,
993,0,0,1,0,1,0,0,0,0,1,1,0,
994,1,1,1,1,1,1,0,1,1,0,0,0,
995,1,0,1,1,0,0,0,1,0,0,0,1,
996,1,0,0,0,0,1,1,1,0,1,0,0,
997,1,0,0,0,1,0,1,0,0,1,0,1,
998,0,1,1,1,1,1,0,0,0,1,1,0,
999,0,0,1,0,1,1,0,0,0,0,0,1,
1000,1,1,1,0,0,1,1,0,1,0,0,1,
